event_time,event_time_formatted,code,value,status,event_from,event_id
1766690709683,2025-12-25 14:25:09,liquid_depth,75,1,1,7
1766690706393,2025-12-25 14:25:06,liquid_depth,74,1,1,7
1766690705249,2025-12-25 14:25:05,liquid_level_percent,62,1,1,7
1766690705235,2025-12-25 14:25:05,liquid_depth,75,1,1,7
1766690704170,2025-12-25 14:25:04,liquid_level_percent,64,1,1,7
1766690704155,2025-12-25 14:25:04,liquid_depth,77,1,1,7
1766690703078,2025-12-25 14:25:03,liquid_depth,74,1,1,7
1766690700860,2025-12-25 14:25:00,liquid_level_percent,62,1,1,7
1766690700846,2025-12-25 14:25:00,liquid_depth,75,1,1,7
1766690699782,2025-12-25 14:24:59,liquid_level_percent,64,1,1,7
1766690699769,2025-12-25 14:24:59,liquid_depth,77,1,1,7
1766690574982,2025-12-25 14:22:54,liquid_level_percent,62,1,1,7
1766690573826,2025-12-25 14:22:53,liquid_level_percent,61,1,1,7
1766690572750,2025-12-25 14:22:52,liquid_level_percent,62,1,1,7
1766690571673,2025-12-25 14:22:51,liquid_level_percent,61,1,1,7
1766690570517,2025-12-25 14:22:50,liquid_level_percent,62,1,1,7
1766690569441,2025-12-25 14:22:49,liquid_level_percent,61,1,1,7
1766690568365,2025-12-25 14:22:48,liquid_level_percent,62,1,1,7
1766690567209,2025-12-25 14:22:47,liquid_level_percent,61,1,1,7
1766690566133,2025-12-25 14:22:46,liquid_level_percent,62,1,1,7
1766690565057,2025-12-25 14:22:45,liquid_level_percent,61,1,1,7
1766690563901,2025-12-25 14:22:43,liquid_level_percent,62,1,1,7
1766690562825,2025-12-25 14:22:42,liquid_level_percent,61,1,1,7
1766690561669,2025-12-25 14:22:41,liquid_level_percent,62,1,1,7
1766690560596,2025-12-25 14:22:40,liquid_level_percent,61,1,1,7
1766690559517,2025-12-25 14:22:39,liquid_level_percent,62,1,1,7
1766690558362,2025-12-25 14:22:38,liquid_level_percent,61,1,1,7
1766690557286,2025-12-25 14:22:37,liquid_level_percent,62,1,1,7
1766690556210,2025-12-25 14:22:36,liquid_level_percent,61,1,1,7
1766690555054,2025-12-25 14:22:35,liquid_level_percent,62,1,1,7
1766690553978,2025-12-25 14:22:33,liquid_level_percent,61,1,1,7
1766690552900,2025-12-25 14:22:32,liquid_level_percent,62,1,1,7
1766690551741,2025-12-25 14:22:31,liquid_level_percent,61,1,1,7
1766690550655,2025-12-25 14:22:30,liquid_level_percent,62,1,1,7
1766690549578,2025-12-25 14:22:29,liquid_level_percent,61,1,1,7
1766690548422,2025-12-25 14:22:28,liquid_level_percent,62,1,1,7
1766690547343,2025-12-25 14:22:27,liquid_level_percent,61,1,1,7
1766690546264,2025-12-25 14:22:26,liquid_level_percent,62,1,1,7
1766690475571,2025-12-25 14:21:15,liquid_depth,74,1,1,7
1766690474421,2025-12-25 14:21:14,liquid_depth,73,1,1,7
1766690473354,2025-12-25 14:21:13,liquid_depth,74,1,1,7
1766690472202,2025-12-25 14:21:12,liquid_depth,73,1,1,7
1766690471129,2025-12-25 14:21:11,liquid_depth,74,1,1,7
1766690470059,2025-12-25 14:21:10,liquid_depth,73,1,1,7
1766690468909,2025-12-25 14:21:08,liquid_depth,74,1,1,7
1766690467840,2025-12-25 14:21:07,liquid_depth,73,1,1,7
1766690466689,2025-12-25 14:21:06,liquid_depth,74,1,1,7
1766690465619,2025-12-25 14:21:05,liquid_depth,73,1,1,7
1766690464470,2025-12-25 14:21:04,liquid_depth,74,1,1,7
1766690463399,2025-12-25 14:21:03,liquid_depth,73,1,1,7
1766690462329,2025-12-25 14:21:02,liquid_depth,74,1,1,7
1766690461180,2025-12-25 14:21:01,liquid_depth,73,1,1,7
1766690460109,2025-12-25 14:21:00,liquid_depth,74,1,1,7
1766690458959,2025-12-25 14:20:58,liquid_depth,73,1,1,7
1766690457891,2025-12-25 14:20:57,liquid_depth,74,1,1,7
1766690456739,2025-12-25 14:20:56,liquid_depth,73,1,1,7
1766690455670,2025-12-25 14:20:55,liquid_depth,74,1,1,7
1766690454599,2025-12-25 14:20:54,liquid_depth,73,1,1,7
1766690453449,2025-12-25 14:20:53,liquid_depth,74,1,1,7
1766690452378,2025-12-25 14:20:52,liquid_depth,73,1,1,7
1766690451227,2025-12-25 14:20:51,liquid_depth,74,1,1,7
1766690450157,2025-12-25 14:20:50,liquid_depth,73,1,1,7
1766690449087,2025-12-25 14:20:49,liquid_depth,74,1,1,7
1766690447935,2025-12-25 14:20:47,liquid_depth,73,1,1,7
1766690445711,2025-12-25 14:20:45,liquid_depth,74,1,1,7
1766690444640,2025-12-25 14:20:44,liquid_depth,73,1,1,7
1766690442421,2025-12-25 14:20:42,liquid_depth,74,1,1,7
1766690441349,2025-12-25 14:20:41,liquid_depth,73,1,1,7
1766690439129,2025-12-25 14:20:39,liquid_depth,74,1,1,7
1766690437978,2025-12-25 14:20:37,liquid_depth,73,1,1,7
1766690435758,2025-12-25 14:20:35,liquid_depth,74,1,1,7
1766690434686,2025-12-25 14:20:34,liquid_depth,73,1,1,7
1766690413713,2025-12-25 14:20:13,liquid_depth,74,1,1,7
1766690181823,2025-12-25 14:16:21,liquid_level_percent,61,1,1,7
1766690155322,2025-12-25 14:15:55,liquid_depth,73,1,1,7
1766690141997,2025-12-25 14:15:41,liquid_depth,72,1,1,7
1766690140926,2025-12-25 14:15:40,liquid_depth,73,1,1,7
1766689855991,2025-12-25 14:10:55,liquid_level_percent,60,1,1,7
1766689854916,2025-12-25 14:10:54,liquid_level_percent,59,1,1,7
1766689853838,2025-12-25 14:10:53,liquid_level_percent,60,1,1,7
1766689852679,2025-12-25 14:10:52,liquid_level_percent,59,1,1,7
1766689850519,2025-12-25 14:10:50,liquid_level_percent,60,1,1,7
1766689849361,2025-12-25 14:10:49,liquid_level_percent,59,1,1,7
1766689848283,2025-12-25 14:10:48,liquid_level_percent,60,1,1,7
1766689847205,2025-12-25 14:10:47,liquid_level_percent,59,1,1,7
1766689846046,2025-12-25 14:10:46,liquid_level_percent,60,1,1,7
1766689846031,2025-12-25 14:10:46,liquid_depth,72,1,1,7
1766689831722,2025-12-25 14:10:31,liquid_level_percent,59,1,1,7
1766689831710,2025-12-25 14:10:31,liquid_depth,71,1,1,7
1766689830644,2025-12-25 14:10:30,liquid_level_percent,60,1,1,7
1766689829488,2025-12-25 14:10:29,liquid_level_percent,59,1,1,7
1766689828415,2025-12-25 14:10:28,liquid_level_percent,60,1,1,7
1766689827336,2025-12-25 14:10:27,liquid_level_percent,59,1,1,7
1766689826180,2025-12-25 14:10:26,liquid_level_percent,60,1,1,7
1766689826166,2025-12-25 14:10:26,liquid_depth,72,1,1,7
1766689823952,2025-12-25 14:10:23,liquid_level_percent,59,1,1,7
1766689823939,2025-12-25 14:10:23,liquid_depth,71,1,1,7
1766689822874,2025-12-25 14:10:22,liquid_level_percent,60,1,1,7
1766689822860,2025-12-25 14:10:22,liquid_depth,72,1,1,7
1766689820718,2025-12-25 14:10:20,liquid_level_percent,59,1,1,7
1766689820703,2025-12-25 14:10:20,liquid_depth,71,1,1,7
1766689819554,2025-12-25 14:10:19,liquid_level_percent,60,1,1,7
1766689819540,2025-12-25 14:10:19,liquid_depth,72,1,1,7
1766689816256,2025-12-25 14:10:16,liquid_level_percent,59,1,1,7
1766689816242,2025-12-25 14:10:16,liquid_depth,71,1,1,7
1766689815178,2025-12-25 14:10:15,liquid_level_percent,60,1,1,7
1766689814018,2025-12-25 14:10:14,liquid_depth,72,1,1,7
1766689811802,2025-12-25 14:10:11,liquid_level_percent,59,1,1,7
1766689811788,2025-12-25 14:10:11,liquid_depth,71,1,1,7
1766689810725,2025-12-25 14:10:10,liquid_level_percent,60,1,1,7
1766689809640,2025-12-25 14:10:09,liquid_depth,72,1,1,7
1766689808499,2025-12-25 14:10:08,liquid_level_percent,59,1,1,7
1766689808485,2025-12-25 14:10:08,liquid_depth,71,1,1,7
1766689806351,2025-12-25 14:10:06,liquid_level_percent,60,1,1,7
1766689806337,2025-12-25 14:10:06,liquid_depth,72,1,1,7
1766689805195,2025-12-25 14:10:05,liquid_level_percent,61,1,1,7
1766689805181,2025-12-25 14:10:05,liquid_depth,74,1,1,7
1766689804118,2025-12-25 14:10:04,liquid_level_percent,60,1,1,7
1766689802956,2025-12-25 14:10:02,liquid_depth,72,1,1,7
1766689801892,2025-12-25 14:10:01,liquid_level_percent,59,1,1,7
1766689801879,2025-12-25 14:10:01,liquid_depth,71,1,1,7
1766689800816,2025-12-25 14:10:00,liquid_level_percent,60,1,1,7
1766689799652,2025-12-25 14:09:59,liquid_depth,72,1,1,7
1766689798590,2025-12-25 14:09:58,liquid_level_percent,59,1,1,7
1766689798577,2025-12-25 14:09:58,liquid_depth,71,1,1,7
1766689797514,2025-12-25 14:09:57,liquid_level_percent,60,1,1,7
1766689796348,2025-12-25 14:09:56,liquid_depth,72,1,1,7
1766689795288,2025-12-25 14:09:55,liquid_level_percent,59,1,1,7
1766689795272,2025-12-25 14:09:55,liquid_depth,71,1,1,7
1766689794132,2025-12-25 14:09:54,liquid_level_percent,60,1,1,7
1766689793046,2025-12-25 14:09:53,liquid_depth,72,1,1,7
1766689791985,2025-12-25 14:09:51,liquid_level_percent,59,1,1,7
1766689791970,2025-12-25 14:09:51,liquid_depth,71,1,1,7
1766689790829,2025-12-25 14:09:50,liquid_level_percent,60,1,1,7
1766689789740,2025-12-25 14:09:49,liquid_depth,72,1,1,7
1766689788671,2025-12-25 14:09:48,liquid_level_percent,59,1,1,7
1766689788656,2025-12-25 14:09:48,liquid_depth,71,1,1,7
1766689787512,2025-12-25 14:09:47,liquid_level_percent,60,1,1,7
1766689786426,2025-12-25 14:09:46,liquid_depth,72,1,1,7
1766689785362,2025-12-25 14:09:45,liquid_level_percent,59,1,1,7
1766689785347,2025-12-25 14:09:45,liquid_depth,71,1,1,7
1766689784203,2025-12-25 14:09:44,liquid_level_percent,60,1,1,7
1766689783121,2025-12-25 14:09:43,liquid_depth,72,1,1,7
1766689780907,2025-12-25 14:09:40,liquid_level_percent,59,1,1,7
1766689780893,2025-12-25 14:09:40,liquid_depth,71,1,1,7
1766689779827,2025-12-25 14:09:39,liquid_level_percent,60,1,1,7
1766689773154,2025-12-25 14:09:33,liquid_level_percent,59,1,1,7
1766689749955,2025-12-25 14:09:09,liquid_level_percent,60,1,1,7
1766689749942,2025-12-25 14:09:09,liquid_depth,72,1,1,7
1766689748878,2025-12-25 14:09:08,liquid_level_percent,61,1,1,7
1766689748864,2025-12-25 14:09:08,liquid_depth,74,1,1,7
1766689747800,2025-12-25 14:09:07,liquid_level_percent,59,1,1,7
1766689745560,2025-12-25 14:09:05,liquid_level_percent,60,1,1,7
1766689745546,2025-12-25 14:09:05,liquid_depth,72,1,1,7
1766689744484,2025-12-25 14:09:04,liquid_level_percent,61,1,1,7
1766689744470,2025-12-25 14:09:04,liquid_depth,74,1,1,7
1766689534611,2025-12-25 14:05:34,liquid_depth,71,1,1,7
1766689533538,2025-12-25 14:05:33,liquid_depth,70,1,1,7
1766689531319,2025-12-25 14:05:31,liquid_depth,71,1,1,7
1766689530248,2025-12-25 14:05:30,liquid_depth,70,1,1,7
1766689523583,2025-12-25 14:05:23,liquid_depth,71,1,1,7
1766689522513,2025-12-25 14:05:22,liquid_depth,70,1,1,7
1766689520291,2025-12-25 14:05:20,liquid_depth,71,1,1,7
1766689519136,2025-12-25 14:05:19,liquid_depth,70,1,1,7
1766689516916,2025-12-25 14:05:16,liquid_depth,71,1,1,7
1766689515847,2025-12-25 14:05:15,liquid_depth,70,1,1,7
1766689513625,2025-12-25 14:05:13,liquid_depth,71,1,1,7
1766689512554,2025-12-25 14:05:12,liquid_depth,70,1,1,7
1766689510332,2025-12-25 14:05:10,liquid_depth,71,1,1,7
1766689509262,2025-12-25 14:05:09,liquid_depth,70,1,1,7
1766689507040,2025-12-25 14:05:07,liquid_depth,71,1,1,7
1766689505890,2025-12-25 14:05:05,liquid_depth,70,1,1,7
1766689503670,2025-12-25 14:05:03,liquid_depth,71,1,1,7
1766689502602,2025-12-25 14:05:02,liquid_depth,70,1,1,7
1766689501530,2025-12-25 14:05:01,liquid_depth,71,1,1,7
1766689500381,2025-12-25 14:05:00,liquid_depth,70,1,1,7
1766689499310,2025-12-25 14:04:59,liquid_depth,71,1,1,7
1766689498161,2025-12-25 14:04:58,liquid_depth,70,1,1,7
1766689497091,2025-12-25 14:04:57,liquid_depth,71,1,1,7
1766689495943,2025-12-25 14:04:55,liquid_depth,70,1,1,7
1766689494871,2025-12-25 14:04:54,liquid_depth,71,1,1,7
1766689493802,2025-12-25 14:04:53,liquid_depth,70,1,1,7
1766689492652,2025-12-25 14:04:52,liquid_depth,71,1,1,7
1766689491581,2025-12-25 14:04:51,liquid_depth,70,1,1,7
1766689490431,2025-12-25 14:04:50,liquid_depth,71,1,1,7
1766689489361,2025-12-25 14:04:49,liquid_depth,70,1,1,7
1766689488211,2025-12-25 14:04:48,liquid_depth,71,1,1,7
1766689487141,2025-12-25 14:04:47,liquid_depth,70,1,1,7
1766689486071,2025-12-25 14:04:46,liquid_depth,71,1,1,7
1766689484921,2025-12-25 14:04:44,liquid_depth,70,1,1,7
1766689483856,2025-12-25 14:04:43,liquid_depth,71,1,1,7
1766689482705,2025-12-25 14:04:42,liquid_depth,70,1,1,7
1766689481635,2025-12-25 14:04:41,liquid_depth,71,1,1,7
1766689480484,2025-12-25 14:04:40,liquid_depth,70,1,1,7
1766689479411,2025-12-25 14:04:39,liquid_depth,71,1,1,7
1766689478342,2025-12-25 14:04:38,liquid_depth,70,1,1,7
1766689477199,2025-12-25 14:04:37,liquid_level_percent,59,1,1,7
1766689477186,2025-12-25 14:04:37,liquid_depth,71,1,1,7
1766689474971,2025-12-25 14:04:34,liquid_level_percent,58,1,1,7
1766689474958,2025-12-25 14:04:34,liquid_depth,70,1,1,7
1766689473893,2025-12-25 14:04:33,liquid_level_percent,59,1,1,7
1766689473879,2025-12-25 14:04:33,liquid_depth,71,1,1,7
1766689471663,2025-12-25 14:04:31,liquid_level_percent,58,1,1,7
1766689471649,2025-12-25 14:04:31,liquid_depth,70,1,1,7
1766689470585,2025-12-25 14:04:30,liquid_level_percent,59,1,1,7
1766689470571,2025-12-25 14:04:30,liquid_depth,71,1,1,7
1766689468358,2025-12-25 14:04:28,liquid_level_percent,58,1,1,7
1766689468344,2025-12-25 14:04:28,liquid_depth,70,1,1,7
1766689467281,2025-12-25 14:04:27,liquid_level_percent,59,1,1,7
1766689467267,2025-12-25 14:04:27,liquid_depth,71,1,1,7
1766689198860,2025-12-25 13:59:58,liquid_depth,70,1,1,7
1766689106160,2025-12-25 13:58:26,liquid_level_percent,58,1,1,7
1766689105001,2025-12-25 13:58:25,liquid_level_percent,57,1,1,7
1766689103923,2025-12-25 13:58:23,liquid_level_percent,58,1,1,7
1766689101697,2025-12-25 13:58:21,liquid_level_percent,57,1,1,7
1766689085155,2025-12-25 13:58:05,liquid_level_percent,58,1,1,7
1766689078565,2025-12-25 13:57:58,liquid_level_percent,57,1,1,7
1766689077406,2025-12-25 13:57:57,liquid_level_percent,58,1,1,7
1766689075258,2025-12-25 13:57:55,liquid_level_percent,57,1,1,7
1766689074100,2025-12-25 13:57:54,liquid_level_percent,58,1,1,7
1766689071868,2025-12-25 13:57:51,liquid_level_percent,57,1,1,7
1766689070791,2025-12-25 13:57:50,liquid_level_percent,58,1,1,7
1766688857630,2025-12-25 13:54:17,liquid_depth,69,1,1,7
1766688856561,2025-12-25 13:54:16,liquid_depth,68,1,1,7
1766688839940,2025-12-25 13:53:59,liquid_depth,69,1,1,7
1766688761552,2025-12-25 13:52:41,liquid_level_percent,57,1,1,7
1766688760477,2025-12-25 13:52:40,liquid_level_percent,56,1,1,7
1766688759400,2025-12-25 13:52:39,liquid_level_percent,57,1,1,7
1766688758247,2025-12-25 13:52:38,liquid_level_percent,56,1,1,7
1766688757169,2025-12-25 13:52:37,liquid_level_percent,57,1,1,7
1766688756093,2025-12-25 13:52:36,liquid_level_percent,56,1,1,7
1766688754936,2025-12-25 13:52:34,liquid_level_percent,57,1,1,7
1766688753861,2025-12-25 13:52:33,liquid_level_percent,56,1,1,7
1766688752781,2025-12-25 13:52:32,liquid_level_percent,57,1,1,7
1766688751626,2025-12-25 13:52:31,liquid_level_percent,56,1,1,7
1766688750549,2025-12-25 13:52:30,liquid_level_percent,57,1,1,7
1766688749393,2025-12-25 13:52:29,liquid_level_percent,56,1,1,7
1766688748320,2025-12-25 13:52:28,liquid_level_percent,57,1,1,7
1766688747243,2025-12-25 13:52:27,liquid_level_percent,56,1,1,7
1766688746087,2025-12-25 13:52:26,liquid_level_percent,57,1,1,7
1766688745011,2025-12-25 13:52:25,liquid_level_percent,56,1,1,7
1766688743935,2025-12-25 13:52:23,liquid_level_percent,57,1,1,7
1766688742779,2025-12-25 13:52:22,liquid_level_percent,56,1,1,7
1766688741703,2025-12-25 13:52:21,liquid_level_percent,57,1,1,7
1766688740627,2025-12-25 13:52:20,liquid_level_percent,56,1,1,7
1766688739469,2025-12-25 13:52:19,liquid_level_percent,57,1,1,7
1766688738390,2025-12-25 13:52:18,liquid_level_percent,56,1,1,7
1766688737311,2025-12-25 13:52:17,liquid_level_percent,57,1,1,7
1766688736153,2025-12-25 13:52:16,liquid_level_percent,56,1,1,7
1766688735075,2025-12-25 13:52:15,liquid_level_percent,57,1,1,7
1766688733999,2025-12-25 13:52:13,liquid_level_percent,56,1,1,7
1766688731771,2025-12-25 13:52:11,liquid_level_percent,57,1,1,7
1766688730693,2025-12-25 13:52:10,liquid_level_percent,56,1,1,7
1766688728463,2025-12-25 13:52:08,liquid_level_percent,57,1,1,7
1766688727305,2025-12-25 13:52:07,liquid_level_percent,56,1,1,7
1766688725157,2025-12-25 13:52:05,liquid_level_percent,57,1,1,7
1766688723998,2025-12-25 13:52:03,liquid_level_percent,56,1,1,7
1766688721847,2025-12-25 13:52:01,liquid_level_percent,57,1,1,7
1766688720690,2025-12-25 13:52:00,liquid_level_percent,56,1,1,7
1766688718543,2025-12-25 13:51:58,liquid_level_percent,57,1,1,7
1766688717383,2025-12-25 13:51:57,liquid_level_percent,56,1,1,7
1766688693098,2025-12-25 13:51:33,liquid_level_percent,57,1,1,7
1766688626875,2025-12-25 13:50:26,liquid_level_percent,56,1,1,7
1766688625711,2025-12-25 13:50:25,liquid_depth,68,1,1,7
1766688624638,2025-12-25 13:50:24,liquid_level_percent,57,1,1,7
1766688624625,2025-12-25 13:50:24,liquid_depth,69,1,1,7
1766688623563,2025-12-25 13:50:23,liquid_level_percent,58,1,1,7
1766688623548,2025-12-25 13:50:23,liquid_depth,70,1,1,7
1766688608092,2025-12-25 13:50:08,liquid_level_percent,57,1,1,7
1766688606936,2025-12-25 13:50:06,liquid_level_percent,56,1,1,7
1766688605860,2025-12-25 13:50:05,liquid_level_percent,57,1,1,7
1766688604785,2025-12-25 13:50:04,liquid_level_percent,56,1,1,7
1766688603629,2025-12-25 13:50:03,liquid_level_percent,57,1,1,7
1766688602552,2025-12-25 13:50:02,liquid_level_percent,56,1,1,7
1766688601476,2025-12-25 13:50:01,liquid_level_percent,57,1,1,7
1766688600319,2025-12-25 13:50:00,liquid_level_percent,56,1,1,7
1766688599241,2025-12-25 13:49:59,liquid_level_percent,57,1,1,7
1766688598165,2025-12-25 13:49:58,liquid_level_percent,56,1,1,7
1766688597009,2025-12-25 13:49:57,liquid_level_percent,57,1,1,7
1766688595933,2025-12-25 13:49:55,liquid_level_percent,56,1,1,7
1766688594777,2025-12-25 13:49:54,liquid_level_percent,57,1,1,7
1766688593702,2025-12-25 13:49:53,liquid_level_percent,56,1,1,7
1766688592625,2025-12-25 13:49:52,liquid_level_percent,57,1,1,7
1766688591547,2025-12-25 13:49:51,liquid_level_percent,56,1,1,7
1766688590386,2025-12-25 13:49:50,liquid_level_percent,57,1,1,7
1766688589305,2025-12-25 13:49:49,liquid_level_percent,56,1,1,7
1766688588227,2025-12-25 13:49:48,liquid_level_percent,57,1,1,7
1766688587067,2025-12-25 13:49:47,liquid_level_percent,56,1,1,7
1766688584916,2025-12-25 13:49:44,liquid_level_percent,57,1,1,7
1766688583762,2025-12-25 13:49:43,liquid_level_percent,56,1,1,7
1766688581531,2025-12-25 13:49:41,liquid_level_percent,57,1,1,7
1766688580454,2025-12-25 13:49:40,liquid_level_percent,56,1,1,7
1766688578219,2025-12-25 13:49:38,liquid_level_percent,57,1,1,7
1766688577141,2025-12-25 13:49:37,liquid_level_percent,56,1,1,7
1766688574913,2025-12-25 13:49:34,liquid_level_percent,57,1,1,7
1766688573832,2025-12-25 13:49:33,liquid_level_percent,56,1,1,7
1766688571602,2025-12-25 13:49:31,liquid_level_percent,57,1,1,7
1766688570523,2025-12-25 13:49:30,liquid_level_percent,56,1,1,7
1766688540741,2025-12-25 13:49:00,liquid_level_percent,57,1,1,7
1766688467851,2025-12-25 13:47:47,liquid_level_percent,56,1,1,7
1766688462331,2025-12-25 13:47:42,liquid_level_percent,57,1,1,7
1766688461173,2025-12-25 13:47:41,liquid_level_percent,56,1,1,7
1766688458944,2025-12-25 13:47:38,liquid_level_percent,57,1,1,7
1766688457864,2025-12-25 13:47:37,liquid_level_percent,56,1,1,7
1766688453496,2025-12-25 13:47:33,liquid_level_percent,57,1,1,7
1766688452338,2025-12-25 13:47:32,liquid_level_percent,56,1,1,7
1766688426992,2025-12-25 13:47:06,liquid_level_percent,57,1,1,7
1766688346358,2025-12-25 13:45:46,liquid_depth,68,1,1,7
1766688316501,2025-12-25 13:45:16,liquid_depth,67,1,1,7
1766688315428,2025-12-25 13:45:15,liquid_depth,68,1,1,7
1766688042670,2025-12-25 13:40:42,liquid_level_percent,56,1,1,7
1766688042640,2025-12-25 13:40:42,liquid_state,normal,1,1,7
1766687964183,2025-12-25 13:39:24,liquid_depth,67,1,1,7
1766687666071,2025-12-25 13:34:26,liquid_level_percent,55,1,1,7
1766687642859,2025-12-25 13:34:02,liquid_depth,66,1,1,7
1766687540121,2025-12-25 13:32:20,liquid_depth,65,1,1,7
1766687539051,2025-12-25 13:32:19,liquid_depth,66,1,1,7
1766687477193,2025-12-25 13:31:17,liquid_level_percent,54,1,1,7
1766687477180,2025-12-25 13:31:17,liquid_depth,65,1,1,7
1766687476116,2025-12-25 13:31:16,liquid_level_percent,55,1,1,7
1766687476101,2025-12-25 13:31:16,liquid_depth,66,1,1,7
1766687476087,2025-12-25 13:31:16,liquid_state,lower_alarm,1,1,7
1766687474957,2025-12-25 13:31:14,liquid_level_percent,56,1,1,7
1766687474944,2025-12-25 13:31:14,liquid_depth,67,1,1,7
1766687474929,2025-12-25 13:31:14,liquid_state,normal,1,1,7
1766687458413,2025-12-25 13:30:58,liquid_depth,65,1,1,7
1766687457349,2025-12-25 13:30:57,liquid_level_percent,54,1,1,7
1766687457337,2025-12-25 13:30:57,liquid_depth,66,1,1,7
1766687457324,2025-12-25 13:30:57,liquid_state,lower_alarm,1,1,7
1766687456193,2025-12-25 13:30:56,liquid_level_percent,56,1,1,7
1766687456179,2025-12-25 13:30:56,liquid_depth,67,1,1,7
1766687456165,2025-12-25 13:30:56,liquid_state,normal,1,1,7
1766687437421,2025-12-25 13:30:37,liquid_depth,65,1,1,7
1766687436359,2025-12-25 13:30:36,liquid_level_percent,54,1,1,7
1766687436348,2025-12-25 13:30:36,liquid_depth,66,1,1,7
1766687436334,2025-12-25 13:30:36,liquid_state,lower_alarm,1,1,7
1766687435204,2025-12-25 13:30:35,liquid_level_percent,56,1,1,7
1766687435191,2025-12-25 13:30:35,liquid_depth,67,1,1,7
1766687435177,2025-12-25 13:30:35,liquid_state,normal,1,1,7
1766687434121,2025-12-25 13:30:34,liquid_depth,65,1,1,7
1766687433056,2025-12-25 13:30:33,liquid_level_percent,54,1,1,7
1766687433042,2025-12-25 13:30:33,liquid_depth,66,1,1,7
1766687433028,2025-12-25 13:30:33,liquid_state,lower_alarm,1,1,7
1766687431898,2025-12-25 13:30:31,liquid_level_percent,56,1,1,7
1766687431885,2025-12-25 13:30:31,liquid_depth,67,1,1,7
1766687431871,2025-12-25 13:30:31,liquid_state,normal,1,1,7
1766687430814,2025-12-25 13:30:30,liquid_depth,65,1,1,7
1766687429669,2025-12-25 13:30:29,liquid_level_percent,54,1,1,7
1766687429655,2025-12-25 13:30:29,liquid_depth,66,1,1,7
1766687429642,2025-12-25 13:30:29,liquid_state,lower_alarm,1,1,7
1766687428591,2025-12-25 13:30:28,liquid_level_percent,56,1,1,7
1766687428577,2025-12-25 13:30:28,liquid_depth,67,1,1,7
1766687428564,2025-12-25 13:30:28,liquid_state,normal,1,1,7
1766687391061,2025-12-25 13:29:51,liquid_depth,65,1,1,7
1766687323704,2025-12-25 13:28:43,liquid_level_percent,54,1,1,7
1766687087368,2025-12-25 13:24:47,liquid_depth,64,1,1,7
1766687005600,2025-12-25 13:23:25,liquid_level_percent,53,1,1,7
1766686782498,2025-12-25 13:19:42,liquid_depth,63,1,1,7
1766686781428,2025-12-25 13:19:41,liquid_depth,62,1,1,7
1766686780357,2025-12-25 13:19:40,liquid_depth,63,1,1,7
1766686779207,2025-12-25 13:19:39,liquid_depth,62,1,1,7
1766686778138,2025-12-25 13:19:38,liquid_depth,63,1,1,7
1766686776987,2025-12-25 13:19:36,liquid_depth,62,1,1,7
1766686775917,2025-12-25 13:19:35,liquid_depth,63,1,1,7
1766686774759,2025-12-25 13:19:34,liquid_depth,62,1,1,7
1766686773690,2025-12-25 13:19:33,liquid_depth,63,1,1,7
1766686772621,2025-12-25 13:19:32,liquid_depth,62,1,1,7
1766686771470,2025-12-25 13:19:31,liquid_depth,63,1,1,7
1766686770399,2025-12-25 13:19:30,liquid_depth,62,1,1,7
1766686769250,2025-12-25 13:19:29,liquid_depth,63,1,1,7
1766686768181,2025-12-25 13:19:28,liquid_depth,62,1,1,7
1766686767031,2025-12-25 13:19:27,liquid_depth,63,1,1,7
1766686765961,2025-12-25 13:19:25,liquid_depth,62,1,1,7
1766686764887,2025-12-25 13:19:24,liquid_depth,63,1,1,7
1766686761518,2025-12-25 13:19:21,liquid_depth,62,1,1,7
1766686760447,2025-12-25 13:19:20,liquid_depth,63,1,1,7
1766686759377,2025-12-25 13:19:19,liquid_depth,62,1,1,7
1766686758222,2025-12-25 13:19:18,liquid_depth,63,1,1,7
1766686757152,2025-12-25 13:19:17,liquid_depth,62,1,1,7
1766686756002,2025-12-25 13:19:16,liquid_depth,63,1,1,7
1766686754932,2025-12-25 13:19:14,liquid_depth,62,1,1,7
1766686753866,2025-12-25 13:19:13,liquid_depth,63,1,1,7
1766686658866,2025-12-25 13:17:38,liquid_level_percent,52,1,1,7
1766686657782,2025-12-25 13:17:37,liquid_level_percent,51,1,1,7
1766686648891,2025-12-25 13:17:28,liquid_level_percent,52,1,1,7
1766686584891,2025-12-25 13:16:24,liquid_level_percent,51,1,1,7
1766686583733,2025-12-25 13:16:23,liquid_level_percent,52,1,1,7
1766686580436,2025-12-25 13:16:20,liquid_level_percent,51,1,1,7
1766686579358,2025-12-25 13:16:19,liquid_level_percent,52,1,1,7
1766686577127,2025-12-25 13:16:17,liquid_level_percent,51,1,1,7
1766686576051,2025-12-25 13:16:16,liquid_level_percent,52,1,1,7
1766686573823,2025-12-25 13:16:13,liquid_level_percent,51,1,1,7
1766686572744,2025-12-25 13:16:12,liquid_level_percent,52,1,1,7
1766686570512,2025-12-25 13:16:10,liquid_level_percent,51,1,1,7
1766686569435,2025-12-25 13:16:09,liquid_level_percent,52,1,1,7
1766686485437,2025-12-25 13:14:45,liquid_depth,62,1,1,7
1766686483210,2025-12-25 13:14:43,liquid_depth,61,1,1,7
1766686456734,2025-12-25 13:14:16,liquid_level_percent,51,1,1,7
1766686455657,2025-12-25 13:14:15,liquid_level_percent,52,1,1,7
1766686455642,2025-12-25 13:14:15,liquid_depth,62,1,1,7
1766686454578,2025-12-25 13:14:14,liquid_level_percent,53,1,1,7
1766686454564,2025-12-25 13:14:14,liquid_depth,64,1,1,7
1766686260201,2025-12-25 13:11:00,liquid_level_percent,51,1,1,7
1766686259042,2025-12-25 13:10:59,liquid_level_percent,50,1,1,7
1766686255744,2025-12-25 13:10:55,liquid_level_percent,51,1,1,7
1766686254668,2025-12-25 13:10:54,liquid_level_percent,50,1,1,7
1766686253512,2025-12-25 13:10:53,liquid_level_percent,51,1,1,7
1766686252436,2025-12-25 13:10:52,liquid_level_percent,50,1,1,7
1766686251360,2025-12-25 13:10:51,liquid_level_percent,51,1,1,7
1766686250204,2025-12-25 13:10:50,liquid_level_percent,50,1,1,7
1766686249130,2025-12-25 13:10:49,liquid_level_percent,51,1,1,7
1766686248052,2025-12-25 13:10:48,liquid_level_percent,50,1,1,7
1766686246897,2025-12-25 13:10:46,liquid_level_percent,51,1,1,7
1766686245819,2025-12-25 13:10:45,liquid_level_percent,50,1,1,7
1766686244744,2025-12-25 13:10:44,liquid_level_percent,51,1,1,7
1766686243593,2025-12-25 13:10:43,liquid_level_percent,50,1,1,7
1766686242517,2025-12-25 13:10:42,liquid_level_percent,51,1,1,7
1766686241360,2025-12-25 13:10:41,liquid_level_percent,50,1,1,7
1766686240284,2025-12-25 13:10:40,liquid_level_percent,51,1,1,7
1766686239205,2025-12-25 13:10:39,liquid_level_percent,50,1,1,7
1766686238126,2025-12-25 13:10:38,liquid_level_percent,51,1,1,7
1766686236967,2025-12-25 13:10:36,liquid_level_percent,50,1,1,7
1766686235889,2025-12-25 13:10:35,liquid_level_percent,51,1,1,7
1766686234811,2025-12-25 13:10:34,liquid_level_percent,50,1,1,7
1766686233654,2025-12-25 13:10:33,liquid_level_percent,51,1,1,7
1766686232574,2025-12-25 13:10:32,liquid_level_percent,50,1,1,7
1766686230345,2025-12-25 13:10:30,liquid_level_percent,51,1,1,7
1766686228116,2025-12-25 13:10:28,liquid_level_percent,50,1,1,7
1766686227038,2025-12-25 13:10:27,liquid_level_percent,51,1,1,7
1766686224808,2025-12-25 13:10:24,liquid_level_percent,50,1,1,7
1766686223730,2025-12-25 13:10:23,liquid_level_percent,51,1,1,7
1766686221502,2025-12-25 13:10:21,liquid_level_percent,50,1,1,7
1766686220423,2025-12-25 13:10:20,liquid_level_percent,51,1,1,7
1766686218195,2025-12-25 13:10:18,liquid_level_percent,50,1,1,7
1766686217113,2025-12-25 13:10:17,liquid_level_percent,51,1,1,7
1766686214884,2025-12-25 13:10:14,liquid_level_percent,50,1,1,7
1766686213808,2025-12-25 13:10:13,liquid_level_percent,51,1,1,7
1766686211576,2025-12-25 13:10:11,liquid_level_percent,50,1,1,7
1766686210498,2025-12-25 13:10:10,liquid_level_percent,51,1,1,7
1766686208272,2025-12-25 13:10:08,liquid_level_percent,50,1,1,7
1766686207192,2025-12-25 13:10:07,liquid_level_percent,51,1,1,7
1766686187276,2025-12-25 13:09:47,liquid_depth,61,1,1,7
1766685853795,2025-12-25 13:04:13,liquid_level_percent,50,1,1,7
1766685828361,2025-12-25 13:03:48,liquid_depth,60,1,1,7
1766685827211,2025-12-25 13:03:47,liquid_depth,59,1,1,7
1766685823923,2025-12-25 13:03:43,liquid_depth,60,1,1,7
1766685822853,2025-12-25 13:03:42,liquid_depth,59,1,1,7
1766685820632,2025-12-25 13:03:40,liquid_depth,60,1,1,7
1766685572125,2025-12-25 12:59:32,liquid_depth,59,1,1,7
1766685495960,2025-12-25 12:58:15,liquid_level_percent,49,1,1,7
1766685444045,2025-12-25 12:57:24,liquid_level_percent,48,1,1,7
1766685442962,2025-12-25 12:57:22,liquid_depth,58,1,1,7
1766685441819,2025-12-25 12:57:21,liquid_level_percent,49,1,1,7
1766685441806,2025-12-25 12:57:21,liquid_depth,59,1,1,7
1766685440743,2025-12-25 12:57:20,liquid_level_percent,50,1,1,7
1766685440729,2025-12-25 12:57:20,liquid_depth,61,1,1,7
1766685439580,2025-12-25 12:57:19,liquid_depth,58,1,1,7
1766685438518,2025-12-25 12:57:18,liquid_level_percent,49,1,1,7
1766685438504,2025-12-25 12:57:18,liquid_depth,59,1,1,7
1766685437441,2025-12-25 12:57:17,liquid_level_percent,50,1,1,7
1766685437427,2025-12-25 12:57:17,liquid_depth,61,1,1,7
1766685436277,2025-12-25 12:57:16,liquid_depth,58,1,1,7
1766685435212,2025-12-25 12:57:15,liquid_level_percent,49,1,1,7
1766685435198,2025-12-25 12:57:15,liquid_depth,59,1,1,7
1766685434134,2025-12-25 12:57:14,liquid_level_percent,50,1,1,7
1766685434120,2025-12-25 12:57:14,liquid_depth,61,1,1,7
1766685432977,2025-12-25 12:57:12,liquid_level_percent,48,1,1,7
1766685431894,2025-12-25 12:57:11,liquid_depth,58,1,1,7
1766685430818,2025-12-25 12:57:10,liquid_level_percent,49,1,1,7
1766685430804,2025-12-25 12:57:10,liquid_depth,59,1,1,7
1766685429659,2025-12-25 12:57:09,liquid_level_percent,50,1,1,7
1766685429645,2025-12-25 12:57:09,liquid_depth,61,1,1,7
1766685229749,2025-12-25 12:53:49,liquid_depth,58,1,1,7
1766685196674,2025-12-25 12:53:16,liquid_level_percent,48,1,1,7
1766684970291,2025-12-25 12:49:30,liquid_depth,57,1,1,7
1766684969142,2025-12-25 12:49:29,liquid_depth,56,1,1,7
1766684966924,2025-12-25 12:49:26,liquid_depth,57,1,1,7
1766684965855,2025-12-25 12:49:25,liquid_depth,56,1,1,7
1766684962485,2025-12-25 12:49:22,liquid_depth,57,1,1,7
1766684961413,2025-12-25 12:49:21,liquid_depth,56,1,1,7
1766684958121,2025-12-25 12:49:18,liquid_depth,57,1,1,7
1766684956971,2025-12-25 12:49:16,liquid_depth,56,1,1,7
1766684948175,2025-12-25 12:49:08,liquid_depth,57,1,1,7
1766684837705,2025-12-25 12:47:17,liquid_level_percent,47,1,1,7
1766684662147,2025-12-25 12:44:22,liquid_depth,56,1,1,7
1766684649979,2025-12-25 12:44:09,liquid_depth,55,1,1,7
1766684648908,2025-12-25 12:44:08,liquid_depth,56,1,1,7
1766684466712,2025-12-25 12:41:06,liquid_level_percent,46,1,1,7
1766684464483,2025-12-25 12:41:04,liquid_level_percent,45,1,1,7
1766684460034,2025-12-25 12:41:00,liquid_level_percent,46,1,1,7
1766684355147,2025-12-25 12:39:15,liquid_depth,55,1,1,7
1766684334172,2025-12-25 12:38:54,liquid_depth,54,1,1,7
1766684329728,2025-12-25 12:38:49,liquid_depth,55,1,1,7
1766684326437,2025-12-25 12:38:46,liquid_depth,54,1,1,7
1766684323069,2025-12-25 12:38:43,liquid_depth,55,1,1,7
1766684319773,2025-12-25 12:38:39,liquid_depth,54,1,1,7
1766684318703,2025-12-25 12:38:38,liquid_depth,55,1,1,7
1766684315330,2025-12-25 12:38:35,liquid_depth,54,1,1,7
1766684314263,2025-12-25 12:38:34,liquid_depth,55,1,1,7
1766684310965,2025-12-25 12:38:30,liquid_depth,54,1,1,7
1766684309811,2025-12-25 12:38:29,liquid_depth,55,1,1,7
1766684116600,2025-12-25 12:35:16,liquid_level_percent,45,1,1,7
1766684091175,2025-12-25 12:34:51,liquid_depth,54,1,1,7
1766684090105,2025-12-25 12:34:50,liquid_depth,53,1,1,7
1766684087882,2025-12-25 12:34:47,liquid_depth,54,1,1,7
1766684086730,2025-12-25 12:34:46,liquid_depth,53,1,1,7
1766684085660,2025-12-25 12:34:45,liquid_depth,54,1,1,7
1766684061392,2025-12-25 12:34:21,liquid_depth,53,1,1,7
1766684060240,2025-12-25 12:34:20,liquid_depth,54,1,1,7
1766684046046,2025-12-25 12:34:06,liquid_level_percent,44,1,1,7
1766684046045,2025-12-25 12:34:06,liquid_depth,53,1,1,7
1766684000597,2025-12-25 12:33:20,liquid_depth,54,1,1,7
1766683990726,2025-12-25 12:33:10,liquid_level_percent,45,1,1,7
1766683905663,2025-12-25 12:31:45,liquid_level_percent,46,1,1,7
1766683904584,2025-12-25 12:31:44,liquid_level_percent,45,1,1,7
1766683903428,2025-12-25 12:31:43,liquid_level_percent,46,1,1,7
1766683901198,2025-12-25 12:31:41,liquid_level_percent,45,1,1,7
1766683896823,2025-12-25 12:31:36,liquid_level_percent,46,1,1,7
1766683880286,2025-12-25 12:31:20,liquid_level_percent,45,1,1,7
1766683878058,2025-12-25 12:31:18,liquid_level_percent,46,1,1,7
1766683878044,2025-12-25 12:31:18,liquid_depth,55,1,1,7
1766683876971,2025-12-25 12:31:16,liquid_level_percent,47,1,1,7
1766683876959,2025-12-25 12:31:16,liquid_depth,57,1,1,7
1766683875808,2025-12-25 12:31:15,liquid_depth,54,1,1,7
1766683806215,2025-12-25 12:30:06,liquid_depth,55,1,1,7
1766683805146,2025-12-25 12:30:05,liquid_depth,54,1,1,7
1766683776437,2025-12-25 12:29:36,liquid_depth,55,1,1,7
1766683770917,2025-12-25 12:29:30,liquid_depth,54,1,1,7
1766683763189,2025-12-25 12:29:23,liquid_depth,55,1,1,7
1766683758748,2025-12-25 12:29:18,liquid_depth,54,1,1,7
1766683756528,2025-12-25 12:29:16,liquid_depth,55,1,1,7
1766683751018,2025-12-25 12:29:11,liquid_depth,54,1,1,7
1766683749947,2025-12-25 12:29:09,liquid_depth,55,1,1,7
1766683746574,2025-12-25 12:29:06,liquid_depth,54,1,1,7
1766683745501,2025-12-25 12:29:05,liquid_depth,55,1,1,7
1766683744431,2025-12-25 12:29:04,liquid_depth,54,1,1,7
1766683743280,2025-12-25 12:29:03,liquid_depth,55,1,1,7
1766683742204,2025-12-25 12:29:02,liquid_depth,54,1,1,7
1766683741058,2025-12-25 12:29:01,liquid_depth,55,1,1,7
1766683534598,2025-12-25 12:25:34,liquid_level_percent,45,1,1,7
1766683516904,2025-12-25 12:25:16,liquid_depth,54,1,1,7
1766683513612,2025-12-25 12:25:13,liquid_depth,53,1,1,7
1766683510238,2025-12-25 12:25:10,liquid_depth,54,1,1,7
1766683508095,2025-12-25 12:25:08,liquid_depth,53,1,1,7
1766683506945,2025-12-25 12:25:06,liquid_depth,54,1,1,7
1766683463910,2025-12-25 12:24:23,liquid_depth,53,1,1,7
1766683462761,2025-12-25 12:24:22,liquid_depth,54,1,1,7
1766683167875,2025-12-25 12:19:27,liquid_depth,53,1,1,7
1766683131516,2025-12-25 12:18:51,liquid_level_percent,44,1,1,7
1766682986806,2025-12-25 12:16:26,liquid_level_percent,43,1,1,7
1766682986792,2025-12-25 12:16:26,liquid_depth,52,1,1,7
1766682985728,2025-12-25 12:16:25,liquid_level_percent,44,1,1,7
1766682985715,2025-12-25 12:16:25,liquid_depth,53,1,1,7
1766682960292,2025-12-25 12:16:00,liquid_level_percent,46,1,1,7
1766682960278,2025-12-25 12:16:00,liquid_depth,55,1,1,7
1766682959211,2025-12-25 12:15:59,liquid_level_percent,45,1,1,7
1766682959199,2025-12-25 12:15:59,liquid_depth,54,1,1,7
1766682958061,2025-12-25 12:15:58,liquid_level_percent,44,1,1,7
1766682958047,2025-12-25 12:15:58,liquid_depth,53,1,1,7
1766682956983,2025-12-25 12:15:56,liquid_level_percent,46,1,1,7
1766682956970,2025-12-25 12:15:56,liquid_depth,55,1,1,7
1766682955905,2025-12-25 12:15:55,liquid_level_percent,45,1,1,7
1766682955891,2025-12-25 12:15:55,liquid_depth,54,1,1,7
1766682954750,2025-12-25 12:15:54,liquid_level_percent,44,1,1,7
1766682954733,2025-12-25 12:15:54,liquid_depth,53,1,1,7
1766682951447,2025-12-25 12:15:51,liquid_level_percent,46,1,1,7
1766682951435,2025-12-25 12:15:51,liquid_depth,55,1,1,7
1766682950369,2025-12-25 12:15:50,liquid_level_percent,45,1,1,7
1766682950355,2025-12-25 12:15:50,liquid_depth,54,1,1,7
1766682949292,2025-12-25 12:15:49,liquid_level_percent,44,1,1,7
1766682949278,2025-12-25 12:15:49,liquid_depth,53,1,1,7
1766682947060,2025-12-25 12:15:47,liquid_level_percent,46,1,1,7
1766682945898,2025-12-25 12:15:45,liquid_depth,55,1,1,7
1766682944832,2025-12-25 12:15:44,liquid_level_percent,45,1,1,7
1766682944818,2025-12-25 12:15:44,liquid_depth,54,1,1,7
1766682943759,2025-12-25 12:15:43,liquid_level_percent,44,1,1,7
1766682943745,2025-12-25 12:15:43,liquid_depth,52,1,1,7
1766682942599,2025-12-25 12:15:42,liquid_level_percent,45,1,1,7
1766682942586,2025-12-25 12:15:42,liquid_depth,54,1,1,7
1766682933787,2025-12-25 12:15:33,liquid_level_percent,43,1,1,7
1766682932711,2025-12-25 12:15:32,liquid_level_percent,44,1,1,7
1766682932698,2025-12-25 12:15:32,liquid_depth,52,1,1,7
1766682931559,2025-12-25 12:15:31,liquid_level_percent,45,1,1,7
1766682931544,2025-12-25 12:15:31,liquid_depth,54,1,1,7
1766682930481,2025-12-25 12:15:30,liquid_level_percent,43,1,1,7
1766682929403,2025-12-25 12:15:29,liquid_level_percent,44,1,1,7
1766682929390,2025-12-25 12:15:29,liquid_depth,52,1,1,7
1766682928253,2025-12-25 12:15:28,liquid_level_percent,45,1,1,7
1766682928240,2025-12-25 12:15:28,liquid_depth,54,1,1,7
1766682927178,2025-12-25 12:15:27,liquid_level_percent,44,1,1,7
1766682927166,2025-12-25 12:15:27,liquid_depth,52,1,1,7
1766682926099,2025-12-25 12:15:26,liquid_level_percent,45,1,1,7
1766682926086,2025-12-25 12:15:26,liquid_depth,54,1,1,7
1766682924942,2025-12-25 12:15:24,liquid_level_percent,44,1,1,7
1766682924928,2025-12-25 12:15:24,liquid_depth,52,1,1,7
1766682923862,2025-12-25 12:15:23,liquid_level_percent,45,1,1,7
1766682923848,2025-12-25 12:15:23,liquid_depth,54,1,1,7
1766682922783,2025-12-25 12:15:22,liquid_level_percent,44,1,1,7
1766682922770,2025-12-25 12:15:22,liquid_depth,52,1,1,7
1766682921623,2025-12-25 12:15:21,liquid_level_percent,45,1,1,7
1766682921609,2025-12-25 12:15:21,liquid_depth,54,1,1,7
1766682920545,2025-12-25 12:15:20,liquid_level_percent,43,1,1,7
1766682920531,2025-12-25 12:15:20,liquid_depth,52,1,1,7
1766682919466,2025-12-25 12:15:19,liquid_level_percent,45,1,1,7
1766682919453,2025-12-25 12:15:19,liquid_depth,54,1,1,7
1766682901770,2025-12-25 12:15:01,liquid_level_percent,43,1,1,7
1766682900692,2025-12-25 12:15:00,liquid_level_percent,44,1,1,7
1766682900678,2025-12-25 12:15:00,liquid_depth,52,1,1,7
1766682899536,2025-12-25 12:14:59,liquid_level_percent,45,1,1,7
1766682899523,2025-12-25 12:14:59,liquid_depth,54,1,1,7
1766682898460,2025-12-25 12:14:58,liquid_level_percent,43,1,1,7
1766682898446,2025-12-25 12:14:58,liquid_depth,52,1,1,7
1766682897384,2025-12-25 12:14:57,liquid_level_percent,45,1,1,7
1766682897370,2025-12-25 12:14:57,liquid_depth,54,1,1,7
1766682896228,2025-12-25 12:14:56,liquid_level_percent,43,1,1,7
1766682896214,2025-12-25 12:14:56,liquid_depth,52,1,1,7
1766682895155,2025-12-25 12:14:55,liquid_level_percent,45,1,1,7
1766682895141,2025-12-25 12:14:55,liquid_depth,54,1,1,7
1766682894080,2025-12-25 12:14:54,liquid_level_percent,43,1,1,7
1766682894065,2025-12-25 12:14:54,liquid_depth,52,1,1,7
1766682892922,2025-12-25 12:14:52,liquid_level_percent,45,1,1,7
1766682892909,2025-12-25 12:14:52,liquid_depth,54,1,1,7
1766682891847,2025-12-25 12:14:51,liquid_level_percent,43,1,1,7
1766682891835,2025-12-25 12:14:51,liquid_depth,52,1,1,7
1766682890690,2025-12-25 12:14:50,liquid_level_percent,45,1,1,7
1766682890677,2025-12-25 12:14:50,liquid_depth,54,1,1,7
1766682889617,2025-12-25 12:14:49,liquid_level_percent,43,1,1,7
1766682889603,2025-12-25 12:14:49,liquid_depth,52,1,1,7
1766682888542,2025-12-25 12:14:48,liquid_level_percent,45,1,1,7
1766682888525,2025-12-25 12:14:48,liquid_depth,54,1,1,7
1766682887382,2025-12-25 12:14:47,liquid_level_percent,43,1,1,7
1766682887370,2025-12-25 12:14:47,liquid_depth,52,1,1,7
1766682886307,2025-12-25 12:14:46,liquid_level_percent,45,1,1,7
1766682886292,2025-12-25 12:14:46,liquid_depth,54,1,1,7
1766682885229,2025-12-25 12:14:45,liquid_level_percent,43,1,1,7
1766682885215,2025-12-25 12:14:45,liquid_depth,52,1,1,7
1766682884067,2025-12-25 12:14:44,liquid_level_percent,45,1,1,7
1766682884055,2025-12-25 12:14:44,liquid_depth,54,1,1,7
1766682882993,2025-12-25 12:14:42,liquid_level_percent,43,1,1,7
1766682882977,2025-12-25 12:14:42,liquid_depth,52,1,1,7
1766682881913,2025-12-25 12:14:41,liquid_level_percent,45,1,1,7
1766682881902,2025-12-25 12:14:41,liquid_depth,54,1,1,7
1766682880750,2025-12-25 12:14:40,liquid_level_percent,43,1,1,7
1766682880736,2025-12-25 12:14:40,liquid_depth,52,1,1,7
1766682879672,2025-12-25 12:14:39,liquid_level_percent,45,1,1,7
1766682879660,2025-12-25 12:14:39,liquid_depth,54,1,1,7
1766682877436,2025-12-25 12:14:37,liquid_depth,51,1,1,7
1766682868637,2025-12-25 12:14:28,liquid_depth,52,1,1,7
1766682867486,2025-12-25 12:14:27,liquid_depth,51,1,1,7
1766682866416,2025-12-25 12:14:26,liquid_depth,52,1,1,7
1766682865345,2025-12-25 12:14:25,liquid_depth,51,1,1,7
1766682861974,2025-12-25 12:14:21,liquid_depth,52,1,1,7
1766682860901,2025-12-25 12:14:20,liquid_depth,51,1,1,7
1766682858681,2025-12-25 12:14:18,liquid_depth,52,1,1,7
1766682856462,2025-12-25 12:14:16,liquid_depth,51,1,1,7
1766682846509,2025-12-25 12:14:06,liquid_depth,52,1,1,7
1766682845439,2025-12-25 12:14:05,liquid_depth,51,1,1,7
1766682844368,2025-12-25 12:14:04,liquid_depth,52,1,1,7
1766682843217,2025-12-25 12:14:03,liquid_depth,51,1,1,7
1766682842147,2025-12-25 12:14:02,liquid_depth,52,1,1,7
1766682839931,2025-12-25 12:13:59,liquid_depth,51,1,1,7
1766682838776,2025-12-25 12:13:58,liquid_depth,52,1,1,7
1766682836637,2025-12-25 12:13:56,liquid_depth,51,1,1,7
1766682835486,2025-12-25 12:13:55,liquid_depth,52,1,1,7
1766682833264,2025-12-25 12:13:53,liquid_depth,51,1,1,7
1766682832194,2025-12-25 12:13:52,liquid_depth,52,1,1,7
1766682829974,2025-12-25 12:13:49,liquid_depth,51,1,1,7
1766682828904,2025-12-25 12:13:48,liquid_depth,52,1,1,7
1766682826684,2025-12-25 12:13:46,liquid_depth,51,1,1,7
1766682825533,2025-12-25 12:13:45,liquid_depth,52,1,1,7
1766682810080,2025-12-25 12:13:30,liquid_level_percent,43,1,1,7
1766682614604,2025-12-25 12:10:14,liquid_depth,51,1,1,7
1766682613536,2025-12-25 12:10:13,liquid_depth,50,1,1,7
1766682611316,2025-12-25 12:10:11,liquid_depth,51,1,1,7
1766682610165,2025-12-25 12:10:10,liquid_depth,50,1,1,7
1766682608023,2025-12-25 12:10:08,liquid_depth,51,1,1,7
1766682606872,2025-12-25 12:10:06,liquid_depth,50,1,1,7
1766682604650,2025-12-25 12:10:04,liquid_depth,51,1,1,7
1766682602506,2025-12-25 12:10:02,liquid_depth,50,1,1,7
1766682600286,2025-12-25 12:10:00,liquid_depth,51,1,1,7
1766682531760,2025-12-25 12:08:51,liquid_depth,50,1,1,7
1766682530689,2025-12-25 12:08:50,liquid_depth,51,1,1,7
1766682528468,2025-12-25 12:08:48,liquid_depth,50,1,1,7
1766682527398,2025-12-25 12:08:47,liquid_depth,51,1,1,7
1766682525177,2025-12-25 12:08:45,liquid_depth,50,1,1,7
1766682524028,2025-12-25 12:08:44,liquid_depth,51,1,1,7
1766682521888,2025-12-25 12:08:41,liquid_depth,50,1,1,7
1766682520739,2025-12-25 12:08:40,liquid_depth,51,1,1,7
1766682518520,2025-12-25 12:08:38,liquid_depth,50,1,1,7
1766682517446,2025-12-25 12:08:37,liquid_depth,51,1,1,7
1766682446794,2025-12-25 12:07:26,liquid_level_percent,42,1,1,7
1766682338520,2025-12-25 12:05:38,liquid_depth,50,1,1,7
1766682337449,2025-12-25 12:05:37,liquid_depth,49,1,1,7
1766682336299,2025-12-25 12:05:36,liquid_depth,50,1,1,7
1766682335230,2025-12-25 12:05:35,liquid_depth,49,1,1,7
1766682280032,2025-12-25 12:04:40,liquid_depth,50,1,1,7
1766682278883,2025-12-25 12:04:38,liquid_depth,49,1,1,7
1766682277814,2025-12-25 12:04:37,liquid_depth,50,1,1,7
1766682275593,2025-12-25 12:04:35,liquid_depth,49,1,1,7
1766682274443,2025-12-25 12:04:34,liquid_depth,50,1,1,7
1766682273371,2025-12-25 12:04:33,liquid_depth,49,1,1,7
1766682272295,2025-12-25 12:04:32,liquid_depth,50,1,1,7
1766682271145,2025-12-25 12:04:31,liquid_depth,49,1,1,7
1766682270075,2025-12-25 12:04:30,liquid_depth,50,1,1,7
1766682268926,2025-12-25 12:04:28,liquid_depth,49,1,1,7
1766682267857,2025-12-25 12:04:27,liquid_depth,50,1,1,7
1766682266709,2025-12-25 12:04:26,liquid_depth,49,1,1,7
1766682265640,2025-12-25 12:04:25,liquid_depth,50,1,1,7
1766682264569,2025-12-25 12:04:24,liquid_depth,49,1,1,7
1766682263419,2025-12-25 12:04:23,liquid_depth,50,1,1,7
1766682262348,2025-12-25 12:04:22,liquid_depth,49,1,1,7
1766682261197,2025-12-25 12:04:21,liquid_depth,50,1,1,7
1766682260129,2025-12-25 12:04:20,liquid_depth,49,1,1,7
1766682258975,2025-12-25 12:04:18,liquid_depth,50,1,1,7
1766682254614,2025-12-25 12:04:14,liquid_depth,49,1,1,7
1766682253464,2025-12-25 12:04:13,liquid_depth,50,1,1,7
1766682252392,2025-12-25 12:04:12,liquid_depth,49,1,1,7
1766682251323,2025-12-25 12:04:11,liquid_depth,50,1,1,7
1766682250171,2025-12-25 12:04:10,liquid_depth,49,1,1,7
1766682249101,2025-12-25 12:04:09,liquid_depth,50,1,1,7
1766682246881,2025-12-25 12:04:06,liquid_depth,49,1,1,7
1766682245728,2025-12-25 12:04:05,liquid_depth,50,1,1,7
1766682104419,2025-12-25 12:01:44,liquid_level_percent,41,1,1,7
1766682103348,2025-12-25 12:01:43,liquid_level_percent,40,1,1,7
1766682098895,2025-12-25 12:01:38,liquid_level_percent,41,1,1,7
1766682097814,2025-12-25 12:01:37,liquid_level_percent,40,1,1,7
1766682090071,2025-12-25 12:01:30,liquid_level_percent,41,1,1,7
1766682088984,2025-12-25 12:01:28,liquid_level_percent,40,1,1,7
1766682059111,2025-12-25 12:00:59,liquid_level_percent,41,1,1,7
1766682058036,2025-12-25 12:00:58,liquid_level_percent,40,1,1,7
1766682054736,2025-12-25 12:00:54,liquid_level_percent,41,1,1,7
1766682053577,2025-12-25 12:00:53,liquid_level_percent,40,1,1,7
1766682052498,2025-12-25 12:00:52,liquid_level_percent,41,1,1,7
1766682051419,2025-12-25 12:00:51,liquid_level_percent,40,1,1,7
1766682050261,2025-12-25 12:00:50,liquid_level_percent,41,1,1,7
1766682049183,2025-12-25 12:00:49,liquid_level_percent,40,1,1,7
1766682043660,2025-12-25 12:00:43,liquid_level_percent,41,1,1,7
1766682006137,2025-12-25 12:00:06,liquid_depth,49,1,1,7
1766682004986,2025-12-25 12:00:04,liquid_depth,48,1,1,7
1766681977424,2025-12-25 11:59:37,liquid_depth,49,1,1,7
1766681975210,2025-12-25 11:59:35,liquid_level_percent,40,1,1,7
1766681975197,2025-12-25 11:59:35,liquid_depth,48,1,1,7
1766681974132,2025-12-25 11:59:34,liquid_level_percent,41,1,1,7
1766681974116,2025-12-25 11:59:34,liquid_depth,49,1,1,7
1766681972972,2025-12-25 11:59:32,liquid_level_percent,42,1,1,7
1766681972957,2025-12-25 11:59:32,liquid_depth,51,1,1,7
1766681971885,2025-12-25 11:59:31,liquid_depth,48,1,1,7
1766681967449,2025-12-25 11:59:27,liquid_depth,49,1,1,7
1766681965224,2025-12-25 11:59:25,liquid_depth,48,1,1,7
1766681963001,2025-12-25 11:59:23,liquid_depth,49,1,1,7
1766681959705,2025-12-25 11:59:19,liquid_depth,48,1,1,7
1766681956422,2025-12-25 11:59:16,liquid_level_percent,40,1,1,7
1766681955342,2025-12-25 11:59:15,liquid_level_percent,41,1,1,7
1766681955329,2025-12-25 11:59:15,liquid_depth,49,1,1,7
1766681954186,2025-12-25 11:59:14,liquid_level_percent,42,1,1,7
1766681954173,2025-12-25 11:59:14,liquid_depth,51,1,1,7
1766681704606,2025-12-25 11:55:04,liquid_level_percent,40,1,1,7
1766681704593,2025-12-25 11:55:04,liquid_depth,48,1,1,7
1766681703527,2025-12-25 11:55:03,liquid_level_percent,39,1,1,7
1766681703513,2025-12-25 11:55:03,liquid_depth,47,1,1,7
1766681684758,2025-12-25 11:54:44,liquid_level_percent,40,1,1,7
1766681664834,2025-12-25 11:54:24,liquid_depth,48,1,1,7
1766681410849,2025-12-25 11:50:10,liquid_level_percent,39,1,1,7
1766681410834,2025-12-25 11:50:10,liquid_depth,47,1,1,7
1766681409759,2025-12-25 11:50:09,liquid_level_percent,38,1,1,7
1766681409746,2025-12-25 11:50:09,liquid_depth,46,1,1,7
1766681381027,2025-12-25 11:49:41,liquid_depth,47,1,1,7
1766681351256,2025-12-25 11:49:11,liquid_level_percent,39,1,1,7
1766681350098,2025-12-25 11:49:10,liquid_level_percent,38,1,1,7
1766681349016,2025-12-25 11:49:09,liquid_level_percent,39,1,1,7
1766681309267,2025-12-25 11:48:29,liquid_level_percent,38,1,1,7
1766681308189,2025-12-25 11:48:28,liquid_level_percent,39,1,1,7
1766681303736,2025-12-25 11:48:23,liquid_level_percent,38,1,1,7
1766681302656,2025-12-25 11:48:22,liquid_level_percent,39,1,1,7
1766681154664,2025-12-25 11:45:54,liquid_depth,46,1,1,7
1766681153515,2025-12-25 11:45:53,liquid_depth,45,1,1,7
1766681150223,2025-12-25 11:45:50,liquid_depth,46,1,1,7
1766681149152,2025-12-25 11:45:49,liquid_depth,45,1,1,7
1766681127028,2025-12-25 11:45:27,liquid_depth,46,1,1,7
1766681125958,2025-12-25 11:45:25,liquid_depth,45,1,1,7
1766681093882,2025-12-25 11:44:53,liquid_depth,46,1,1,7
1766681069623,2025-12-25 11:44:29,liquid_level_percent,38,1,1,7
1766681068537,2025-12-25 11:44:28,liquid_level_percent,37,1,1,7
1766681005532,2025-12-25 11:43:25,liquid_level_percent,38,1,1,7
1766681004456,2025-12-25 11:43:24,liquid_level_percent,37,1,1,7
1766681003380,2025-12-25 11:43:23,liquid_level_percent,38,1,1,7
1766681002224,2025-12-25 11:43:22,liquid_level_percent,37,1,1,7
1766681001148,2025-12-25 11:43:21,liquid_level_percent,38,1,1,7
1766681000072,2025-12-25 11:43:20,liquid_level_percent,37,1,1,7
1766680998916,2025-12-25 11:43:18,liquid_level_percent,38,1,1,7
1766680997841,2025-12-25 11:43:17,liquid_level_percent,37,1,1,7
1766680996680,2025-12-25 11:43:16,liquid_level_percent,38,1,1,7
1766680995604,2025-12-25 11:43:15,liquid_level_percent,37,1,1,7
1766680994528,2025-12-25 11:43:14,liquid_level_percent,38,1,1,7
1766680993374,2025-12-25 11:43:13,liquid_level_percent,37,1,1,7
1766680992298,2025-12-25 11:43:12,liquid_level_percent,38,1,1,7
1766680991222,2025-12-25 11:43:11,liquid_level_percent,37,1,1,7
1766680990066,2025-12-25 11:43:10,liquid_level_percent,38,1,1,7
1766680988990,2025-12-25 11:43:08,liquid_level_percent,37,1,1,7
1766680987914,2025-12-25 11:43:07,liquid_level_percent,38,1,1,7
1766680986755,2025-12-25 11:43:06,liquid_level_percent,37,1,1,7
1766680985679,2025-12-25 11:43:05,liquid_level_percent,38,1,1,7
1766680984606,2025-12-25 11:43:04,liquid_level_percent,37,1,1,7
1766680983448,2025-12-25 11:43:03,liquid_level_percent,38,1,1,7
1766680982372,2025-12-25 11:43:02,liquid_level_percent,37,1,1,7
1766680981292,2025-12-25 11:43:01,liquid_level_percent,38,1,1,7
1766680980134,2025-12-25 11:43:00,liquid_level_percent,37,1,1,7
1766680979056,2025-12-25 11:42:59,liquid_level_percent,38,1,1,7
1766680975758,2025-12-25 11:42:55,liquid_level_percent,37,1,1,7
1766680974598,2025-12-25 11:42:54,liquid_level_percent,38,1,1,7
1766680971299,2025-12-25 11:42:51,liquid_level_percent,37,1,1,7
1766680970221,2025-12-25 11:42:50,liquid_level_percent,38,1,1,7
1766680969143,2025-12-25 11:42:49,liquid_level_percent,37,1,1,7
1766680967983,2025-12-25 11:42:47,liquid_level_percent,38,1,1,7
1766680964685,2025-12-25 11:42:44,liquid_level_percent,37,1,1,7
1766680963609,2025-12-25 11:42:43,liquid_level_percent,38,1,1,7
1766680960308,2025-12-25 11:42:40,liquid_level_percent,37,1,1,7
1766680959151,2025-12-25 11:42:39,liquid_level_percent,38,1,1,7
1766680951412,2025-12-25 11:42:31,liquid_level_percent,37,1,1,7
1766680950334,2025-12-25 11:42:30,liquid_level_percent,38,1,1,7
1766680927134,2025-12-25 11:42:07,liquid_level_percent,37,1,1,7
1766680926048,2025-12-25 11:42:06,liquid_depth,45,1,1,7
1766680924902,2025-12-25 11:42:04,liquid_level_percent,38,1,1,7
1766680924888,2025-12-25 11:42:04,liquid_depth,46,1,1,7
1766680923826,2025-12-25 11:42:03,liquid_level_percent,39,1,1,7
1766680923810,2025-12-25 11:42:03,liquid_depth,47,1,1,7
1766680824440,2025-12-25 11:40:24,liquid_depth,45,1,1,7
1766680823290,2025-12-25 11:40:23,liquid_depth,44,1,1,7
1766680806755,2025-12-25 11:40:06,liquid_depth,45,1,1,7
1766680805679,2025-12-25 11:40:05,liquid_depth,44,1,1,7
1766680787997,2025-12-25 11:39:47,liquid_depth,45,1,1,7
1766680784704,2025-12-25 11:39:44,liquid_depth,44,1,1,7
1766680780268,2025-12-25 11:39:40,liquid_depth,45,1,1,7
1766680778045,2025-12-25 11:39:38,liquid_depth,44,1,1,7
1766680772529,2025-12-25 11:39:32,liquid_depth,45,1,1,7
1766680769235,2025-12-25 11:39:29,liquid_depth,44,1,1,7
1766680768084,2025-12-25 11:39:28,liquid_depth,45,1,1,7
1766680765861,2025-12-25 11:39:25,liquid_depth,44,1,1,7
1766680764790,2025-12-25 11:39:24,liquid_depth,45,1,1,7
1766680762567,2025-12-25 11:39:22,liquid_depth,44,1,1,7
1766680761498,2025-12-25 11:39:21,liquid_depth,45,1,1,7
1766680758126,2025-12-25 11:39:18,liquid_depth,44,1,1,7
1766680757056,2025-12-25 11:39:17,liquid_depth,45,1,1,7
1766680667619,2025-12-25 11:37:47,liquid_level_percent,37,1,1,7
1766680666541,2025-12-25 11:37:46,liquid_level_percent,36,1,1,7
1766680656580,2025-12-25 11:37:36,liquid_level_percent,37,1,1,7
1766680594717,2025-12-25 11:36:34,liquid_level_percent,36,1,1,7
1766680593638,2025-12-25 11:36:33,liquid_level_percent,37,1,1,7
1766680589189,2025-12-25 11:36:29,liquid_level_percent,36,1,1,7
1766680588117,2025-12-25 11:36:28,liquid_level_percent,37,1,1,7
1766680550503,2025-12-25 11:35:50,liquid_depth,44,1,1,7
1766680549434,2025-12-25 11:35:49,liquid_depth,43,1,1,7
1766680536195,2025-12-25 11:35:36,liquid_depth,44,1,1,7
1766680535045,2025-12-25 11:35:35,liquid_depth,43,1,1,7
1766680515204,2025-12-25 11:35:15,liquid_depth,44,1,1,7
1766680512989,2025-12-25 11:35:12,liquid_depth,43,1,1,7
1766680482056,2025-12-25 11:34:42,liquid_depth,44,1,1,7
1766680480983,2025-12-25 11:34:40,liquid_depth,43,1,1,7
1766680475473,2025-12-25 11:34:35,liquid_depth,44,1,1,7
1766680474322,2025-12-25 11:34:34,liquid_depth,43,1,1,7
1766680472101,2025-12-25 11:34:32,liquid_depth,44,1,1,7
1766680471030,2025-12-25 11:34:31,liquid_depth,43,1,1,7
1766680468810,2025-12-25 11:34:28,liquid_depth,44,1,1,7
1766680286595,2025-12-25 11:31:26,liquid_level_percent,36,1,1,7
1766680284366,2025-12-25 11:31:24,liquid_level_percent,35,1,1,7
1766680283287,2025-12-25 11:31:23,liquid_level_percent,36,1,1,7
1766680281055,2025-12-25 11:31:21,liquid_level_percent,35,1,1,7
1766680274456,2025-12-25 11:31:14,liquid_level_percent,36,1,1,7
1766680273379,2025-12-25 11:31:13,liquid_level_percent,35,1,1,7
1766680271146,2025-12-25 11:31:11,liquid_level_percent,36,1,1,7
1766680161820,2025-12-25 11:29:21,liquid_level_percent,35,1,1,7
1766680041397,2025-12-25 11:27:21,liquid_level_percent,36,1,1,7
1766680040320,2025-12-25 11:27:20,liquid_level_percent,35,1,1,7
1766680024844,2025-12-25 11:27:04,liquid_level_percent,36,1,1,7
1766679982881,2025-12-25 11:26:22,liquid_depth,43,1,1,7
1766679981810,2025-12-25 11:26:21,liquid_depth,42,1,1,7
1766679961908,2025-12-25 11:26:01,liquid_depth,43,1,1,7
1766679960834,2025-12-25 11:26:00,liquid_depth,42,1,1,7
1766679935423,2025-12-25 11:25:35,liquid_depth,43,1,1,7
1766679934273,2025-12-25 11:25:34,liquid_depth,42,1,1,7
1766679927693,2025-12-25 11:25:27,liquid_depth,43,1,1,7
1766679926542,2025-12-25 11:25:26,liquid_depth,42,1,1,7
1766679921030,2025-12-25 11:25:21,liquid_depth,43,1,1,7
1766679902266,2025-12-25 11:25:02,liquid_depth,42,1,1,7
1766679901204,2025-12-25 11:25:01,liquid_level_percent,35,1,1,7
1766679900046,2025-12-25 11:25:00,liquid_level_percent,36,1,1,7
1766679900032,2025-12-25 11:25:00,liquid_depth,43,1,1,7
1766679898968,2025-12-25 11:24:58,liquid_level_percent,37,1,1,7
1766679898954,2025-12-25 11:24:58,liquid_depth,44,1,1,7
1766679897886,2025-12-25 11:24:57,liquid_depth,42,1,1,7
1766679896742,2025-12-25 11:24:56,liquid_level_percent,35,1,1,7
1766679895662,2025-12-25 11:24:55,liquid_level_percent,36,1,1,7
1766679895647,2025-12-25 11:24:55,liquid_depth,43,1,1,7
1766679894584,2025-12-25 11:24:54,liquid_level_percent,37,1,1,7
1766679894569,2025-12-25 11:24:54,liquid_depth,44,1,1,7
1766679779654,2025-12-25 11:22:59,liquid_depth,42,1,1,7
1766679778592,2025-12-25 11:22:58,liquid_level_percent,35,1,1,7
1766679778578,2025-12-25 11:22:58,liquid_depth,43,1,1,7
1766679777514,2025-12-25 11:22:57,liquid_level_percent,37,1,1,7
1766679777500,2025-12-25 11:22:57,liquid_depth,44,1,1,7
1766679774127,2025-12-25 11:22:54,liquid_depth,42,1,1,7
1766679773062,2025-12-25 11:22:53,liquid_level_percent,35,1,1,7
1766679773048,2025-12-25 11:22:53,liquid_depth,43,1,1,7
1766679771983,2025-12-25 11:22:51,liquid_level_percent,37,1,1,7
1766679771970,2025-12-25 11:22:51,liquid_depth,44,1,1,7
1766679769756,2025-12-25 11:22:49,liquid_level_percent,35,1,1,7
1766679768677,2025-12-25 11:22:48,liquid_level_percent,34,1,1,7
1766679727791,2025-12-25 11:22:07,liquid_depth,42,1,1,7
1766679726657,2025-12-25 11:22:06,liquid_level_percent,35,1,1,7
1766679726633,2025-12-25 11:22:06,liquid_depth,43,1,1,7
1766679725564,2025-12-25 11:22:05,liquid_level_percent,37,1,1,7
1766679725550,2025-12-25 11:22:05,liquid_depth,44,1,1,7
1766679722258,2025-12-25 11:22:02,liquid_depth,42,1,1,7
1766679721196,2025-12-25 11:22:01,liquid_level_percent,35,1,1,7
1766679721182,2025-12-25 11:22:01,liquid_depth,43,1,1,7
1766679720041,2025-12-25 11:22:00,liquid_level_percent,37,1,1,7
1766679720024,2025-12-25 11:22:00,liquid_depth,44,1,1,7
1766679717812,2025-12-25 11:21:57,liquid_depth,42,1,1,7
1766679716747,2025-12-25 11:21:56,liquid_level_percent,35,1,1,7
1766679716734,2025-12-25 11:21:56,liquid_depth,43,1,1,7
1766679715669,2025-12-25 11:21:55,liquid_level_percent,37,1,1,7
1766679715655,2025-12-25 11:21:55,liquid_depth,44,1,1,7
1766679714509,2025-12-25 11:21:54,liquid_level_percent,35,1,1,7
1766679714495,2025-12-25 11:21:54,liquid_depth,43,1,1,7
1766679713432,2025-12-25 11:21:53,liquid_level_percent,37,1,1,7
1766679713416,2025-12-25 11:21:53,liquid_depth,44,1,1,7
1766679682496,2025-12-25 11:21:22,liquid_level_percent,35,1,1,7
1766679682481,2025-12-25 11:21:22,liquid_depth,42,1,1,7
1766679681418,2025-12-25 11:21:21,liquid_level_percent,34,1,1,7
1766679681403,2025-12-25 11:21:21,liquid_depth,41,1,1,7
1766679664875,2025-12-25 11:21:04,liquid_level_percent,35,1,1,7
1766679663718,2025-12-25 11:21:03,liquid_level_percent,34,1,1,7
1766679659344,2025-12-25 11:20:59,liquid_level_percent,35,1,1,7
1766679659330,2025-12-25 11:20:59,liquid_depth,42,1,1,7
1766679657114,2025-12-25 11:20:57,liquid_level_percent,34,1,1,7
1766679657100,2025-12-25 11:20:57,liquid_depth,41,1,1,7
1766679656027,2025-12-25 11:20:56,liquid_level_percent,35,1,1,7
1766679656013,2025-12-25 11:20:56,liquid_depth,42,1,1,7
1766679392053,2025-12-25 11:16:32,liquid_depth,41,1,1,7
1766679390903,2025-12-25 11:16:30,liquid_depth,40,1,1,7
1766679322459,2025-12-25 11:15:22,liquid_depth,41,1,1,7
1766679288225,2025-12-25 11:14:48,liquid_depth,40,1,1,7
1766679287156,2025-12-25 11:14:47,liquid_depth,41,1,1,7
1766679271699,2025-12-25 11:14:31,liquid_level_percent,34,1,1,7
1766679270542,2025-12-25 11:14:30,liquid_level_percent,33,1,1,7
1766679260661,2025-12-25 11:14:20,liquid_level_percent,34,1,1,7
1766679259503,2025-12-25 11:14:19,liquid_level_percent,33,1,1,7
1766679258425,2025-12-25 11:14:18,liquid_level_percent,34,1,1,7
1766679257348,2025-12-25 11:14:17,liquid_level_percent,33,1,1,7
1766679256189,2025-12-25 11:14:16,liquid_level_percent,34,1,1,7
1766679255109,2025-12-25 11:14:15,liquid_level_percent,33,1,1,7
1766679254031,2025-12-25 11:14:14,liquid_level_percent,34,1,1,7
1766679047463,2025-12-25 11:10:47,liquid_depth,40,1,1,7
1766679045243,2025-12-25 11:10:45,liquid_depth,39,1,1,7
1766679040883,2025-12-25 11:10:40,liquid_depth,40,1,1,7
1766679038662,2025-12-25 11:10:38,liquid_depth,39,1,1,7
1766679036441,2025-12-25 11:10:36,liquid_depth,40,1,1,7
1766678970190,2025-12-25 11:09:30,liquid_level_percent,33,1,1,7
1766678969110,2025-12-25 11:09:29,liquid_level_percent,32,1,1,7
1766678955858,2025-12-25 11:09:15,liquid_level_percent,33,1,1,7
1766678954700,2025-12-25 11:09:14,liquid_level_percent,32,1,1,7
1766678950332,2025-12-25 11:09:10,liquid_level_percent,33,1,1,7
1766678949173,2025-12-25 11:09:09,liquid_level_percent,32,1,1,7
1766678943657,2025-12-25 11:09:03,liquid_level_percent,33,1,1,7
1766678942582,2025-12-25 11:09:02,liquid_level_percent,32,1,1,7
1766678941504,2025-12-25 11:09:01,liquid_level_percent,33,1,1,7
1766678940346,2025-12-25 11:09:00,liquid_level_percent,32,1,1,7
1766678930387,2025-12-25 11:08:50,liquid_level_percent,33,1,1,7
1766678930375,2025-12-25 11:08:50,liquid_depth,39,1,1,7
1766678930360,2025-12-25 11:08:50,liquid_state,lower_alarm,1,1,7
